<?xml version="1.0" encoding="utf-8"?>
<RelativeLayout xmlns:android="http://schemas.android.com/apk/res/android" xmlns:app="http://schemas.android.com/apk/res-auto" xmlns:aapt="http://schemas.android.com/aapt" android:background="@color/white" android:layout_width="match_parent" android:layout_height="match_parent">
    <LinearLayout android:orientation="vertical" android:id="@+id/container_user_details" android:padding="5dp" android:layout_width="match_parent" android:layout_height="wrap_content" android:layout_marginTop="5dp">
        <LinearLayout android:layout_width="match_parent" android:layout_height="wrap_content">
            <TextView android:textSize="20sp" android:textColor="@color/colorBlack" android:gravity="center" android:layout_gravity="center" android:layout_width="match_parent" android:layout_height="wrap_content" android:text="Please Confirm Below Details"/>
        </LinearLayout>
        <LinearLayout android:orientation="horizontal" android:layout_width="match_parent" android:layout_height="wrap_content" android:layout_marginTop="30dp" android:weightSum="1">
            <TextView android:textSize="15sp" android:textColor="@color/colorBlack" android:gravity="center" android:layout_width="80dp" android:layout_height="match_parent" android:text="Name"/>
            <TextView android:textSize="15sp" android:textStyle="normal" android:textColor="@color/colorBlack" android:layout_gravity="center" android:id="@+id/txt_name" android:layout_width="match_parent" android:layout_height="match_parent" android:text="Aman Dixit" android:layout_weight="1"/>
        </LinearLayout>
        <LinearLayout android:orientation="horizontal" android:layout_width="match_parent" android:layout_height="wrap_content" android:layout_marginTop="10dp" android:weightSum="1">
            <TextView android:textSize="15sp" android:textColor="@color/colorBlack" android:gravity="center" android:layout_width="80dp" android:layout_height="match_parent" android:text="Address"/>
            <EditText android:id="@+id/edt_address" android:layout_width="match_parent" android:layout_height="50dp" android:inputType="textMultiLine"/>
        </LinearLayout>
        <LinearLayout android:orientation="horizontal" android:layout_width="match_parent" android:layout_height="wrap_content" android:layout_marginTop="10dp" android:weightSum="1">
            <TextView android:textSize="15sp" android:textColor="@color/colorBlack" android:gravity="center" android:layout_width="80dp" android:layout_height="match_parent" android:text="Mobile No."/>
            <EditText android:textSize="15sp" android:textColor="@color/colorBlack" android:layout_gravity="center" android:id="@+id/edt_mobile" android:layout_width="match_parent" android:layout_height="match_parent" android:text="1234567890" android:layout_weight="1"/>
        </LinearLayout>
        <LinearLayout android:orientation="horizontal" android:layout_width="match_parent" android:layout_height="wrap_content" android:layout_marginTop="10dp" android:weightSum="1">
            <TextView android:textSize="15sp" android:textColor="@color/colorBlack" android:gravity="center" android:layout_width="80dp" android:layout_height="match_parent" android:text="Email"/>
            <EditText android:textSize="15sp" android:textColor="@color/colorBlack" android:layout_gravity="center" android:id="@+id/edt_email" android:layout_width="match_parent" android:layout_height="wrap_content" android:text="a@gmail.com" android:layout_weight="1"/>
        </LinearLayout>
        <LinearLayout android:orientation="horizontal" android:layout_width="match_parent" android:layout_height="match_parent" android:layout_marginTop="10dp">
            <TextView android:textSize="15sp" android:textColor="@color/colorBlack" android:gravity="center" android:layout_width="wrap_content" android:layout_height="match_parent" android:text="Payment Type" android:maxLines="2"/>
            <RadioGroup android:id="@+id/radio_group" android:layout_width="match_parent" android:layout_height="wrap_content">
                <RadioButton android:id="@+id/radio_cod" android:layout_width="match_parent" android:layout_height="wrap_content" android:layout_marginLeft="5dp" android:text="COD"/>
                <RadioButton android:id="@+id/radio_online" android:layout_width="match_parent" android:layout_height="wrap_content" android:layout_marginLeft="5dp" android:text="Wallet"/>
            </RadioGroup>
        </LinearLayout>
    </LinearLayout>
    <LinearLayout android:orientation="horizontal" android:id="@+id/container_amount" android:layout_width="match_parent" android:layout_height="wrap_content" android:layout_marginTop="5dp" android:weightSum="1" android:layout_below="@+id/container_user_details">
        <TextView android:textSize="20sp" android:textColor="@color/colorBlack" android:layout_width="wrap_content" android:layout_height="wrap_content" android:text="Total Amount" android:layout_weight="0.3"/>
        <TextView android:textSize="20sp" android:textColor="@color/colorBlack" android:id="@+id/txt_amount" android:layout_width="wrap_content" android:layout_height="wrap_content" android:text="Rs 500" android:layout_weight="0.7"/>
    </LinearLayout>
    <LinearLayout android:layout_width="match_parent" android:layout_height="wrap_content" android:layout_marginTop="15dp" android:layout_below="@+id/container_amount">
        <LinearLayout android:gravity="center" android:layout_gravity="center" android:orientation="horizontal" android:layout_width="match_parent" android:layout_height="wrap_content" android:layout_marginTop="10dp">
            <Button android:textSize="15sp" android:textColor="@color/white" android:gravity="center" android:layout_gravity="center" android:background="@color/colorPrimary" android:layout_width="120dp" android:layout_height="match_parent" android:text="Order Now" android:onClick="place_order"/>
        </LinearLayout>
    </LinearLayout>
</RelativeLayout>
