<?xml version="1.0" encoding="utf-8"?>
<RelativeLayout xmlns:android="http://schemas.android.com/apk/res/android" xmlns:app="http://schemas.android.com/apk/res-auto" xmlns:aapt="http://schemas.android.com/aapt" android:background="@color/white" android:layout_width="match_parent" android:layout_height="match_parent">
    <RelativeLayout android:id="@+id/activity_cart_container" android:visibility="visible" android:layout_width="match_parent" android:layout_height="match_parent">
        <LinearLayout android:orientation="vertical" android:id="@+id/list_container" android:layout_width="match_parent" android:layout_height="match_parent" android:layout_above="@+id/container">
            <include layout="@layout/layout_listview"/>
        </LinearLayout>
        <LinearLayout android:orientation="vertical" android:id="@+id/container" android:layout_width="match_parent" android:layout_height="wrap_content" android:layout_marginTop="25dp" android:layout_alignParentBottom="true">
            <LinearLayout android:orientation="horizontal" android:background="?android:attr/windowBackground" android:layout_width="match_parent" android:layout_height="wrap_content" android:layout_marginBottom="5dp" android:weightSum="1">
                <TextView android:textSize="25sp" android:textColor="@color/colorBlack" android:gravity="center" android:id="@+id/txt" android:layout_width="wrap_content" android:layout_height="wrap_content" android:text="Total Amount: -" android:layout_weight="0.2"/>
                <TextView android:textSize="25sp" android:textColor="@color/white" android:gravity="center" android:id="@+id/amount_tv" android:layout_width="wrap_content" android:layout_height="wrap_content" android:layout_marginLeft="30dp" android:text="500 Rs." android:layout_weight="0.8"/>
            </LinearLayout>
            <LinearLayout android:layout_width="match_parent" android:layout_height="wrap_content">
                <Button android:textSize="20sp" android:textColor="@color/white" android:id="@+id/proceed_to_pay" android:background="@color/colorPrimary" android:layout_width="match_parent" android:layout_height="wrap_content" android:text="Checkout" android:onClick="proceed_to_pay"/>
            </LinearLayout>
        </LinearLayout>
    </RelativeLayout>
    <RelativeLayout android:id="@+id/activity_cart_empty" android:visibility="gone" android:layout_width="match_parent" android:layout_height="match_parent">
        <TextView android:textSize="30sp" android:gravity="center" android:layout_width="match_parent" android:layout_height="wrap_content" android:text="Cart is Empty" android:layout_centerInParent="true" android:layout_centerVertical="true"/>
    </RelativeLayout>
</RelativeLayout>
