<?xml version="1.0" encoding="utf-8"?>
<resources>
    <color name="abc_input_method_navigation_guard">@android:color/black</color>
    <color name="abc_search_url_text_normal">#7fa87f</color>
    <color name="abc_search_url_text_pressed">@android:color/black</color>
    <color name="abc_search_url_text_selected">@android:color/black</color>
    <color name="accent_material_dark">@color/material_deep_teal_200</color>
    <color name="accent_material_light">@color/material_deep_teal_500</color>
    <color name="background_floating_material_dark">@color/material_grey_800</color>
    <color name="background_floating_material_light">@android:color/white</color>
    <color name="background_material_dark">@color/material_grey_850</color>
    <color name="background_material_light">@color/material_grey_50</color>
    <color name="bright_foreground_disabled_material_dark">#80ffffff</color>
    <color name="bright_foreground_disabled_material_light">#80000000</color>
    <color name="bright_foreground_inverse_material_dark">@color/bright_foreground_material_light</color>
    <color name="bright_foreground_inverse_material_light">@color/bright_foreground_material_dark</color>
    <color name="bright_foreground_material_dark">@android:color/white</color>
    <color name="bright_foreground_material_light">@android:color/black</color>
    <color name="button_material_dark">#ff5a595b</color>
    <color name="button_material_light">#ffd6d7d7</color>
    <color name="cardview_dark_background">#ff424242</color>
    <color name="cardview_light_background">#ffffffff</color>
    <color name="cardview_shadow_end_color">#03000000</color>
    <color name="cardview_shadow_start_color">#37000000</color>
    <color name="colorAccent">#d81b60</color>
    <color name="colorBlack">#000000</color>
    <color name="colorBlue">#2478c2</color>
    <color name="colorGreen">#00897b</color>
    <color name="colorLoginSurface">#d7ba89</color>
    <color name="colorMenu">#ff6c6c6c</color>
    <color name="colorOlive">#708238</color>
    <color name="colorOrange">#fb8c00</color>
    <color name="colorPrimary">#986b41</color>
    <color name="colorPrimaryDark">#00574b</color>
    <color name="colorSurface">#b68e65</color>
    <color name="colorWhite">#f3f1f1</color>
    <color name="darkBlue">#0d4675</color>
    <color name="design_bottom_navigation_shadow_color">#14000000</color>
    <color name="design_default_color_primary">#3f51b5</color>
    <color name="design_default_color_primary_dark">#303f9f</color>
    <color name="design_fab_shadow_end_color">@android:color/transparent</color>
    <color name="design_fab_shadow_mid_color">#14000000</color>
    <color name="design_fab_shadow_start_color">#44000000</color>
    <color name="design_fab_stroke_end_inner_color">#0a000000</color>
    <color name="design_fab_stroke_end_outer_color">#0f000000</color>
    <color name="design_fab_stroke_top_inner_color">#1affffff</color>
    <color name="design_fab_stroke_top_outer_color">#2effffff</color>
    <color name="design_snackbar_background_color">#323232</color>
    <color name="dim_foreground_disabled_material_dark">#80bebebe</color>
    <color name="dim_foreground_disabled_material_light">#80323232</color>
    <color name="dim_foreground_material_dark">#ffbebebe</color>
    <color name="dim_foreground_material_light">#ff323232</color>
    <color name="error_color_material_dark">#ff7043</color>
    <color name="error_color_material_light">#ff5722</color>
    <color name="foreground_material_dark">@android:color/white</color>
    <color name="foreground_material_light">@android:color/black</color>
    <color name="highlighted_text_material_dark">#6680cbc4</color>
    <color name="highlighted_text_material_light">#66009688</color>
    <color name="material_blue_grey_800">#ff37474f</color>
    <color name="material_blue_grey_900">#ff263238</color>
    <color name="material_blue_grey_950">#ff21272b</color>
    <color name="material_deep_teal_200">#ff80cbc4</color>
    <color name="material_deep_teal_500">#ff008577</color>
    <color name="material_grey_100">#fff5f5f5</color>
    <color name="material_grey_300">#ffe0e0e0</color>
    <color name="material_grey_50">#fffafafa</color>
    <color name="material_grey_600">#ff757575</color>
    <color name="material_grey_800">#ff424242</color>
    <color name="material_grey_850">#ff303030</color>
    <color name="material_grey_900">#ff212121</color>
    <color name="mtrl_btn_bg_color_disabled">#1f000000</color>
    <color name="mtrl_btn_text_color_disabled">#61000000</color>
    <color name="mtrl_btn_transparent_bg_color">#00ffffff</color>
    <color name="mtrl_scrim_color">#52000000</color>
    <color name="mtrl_textinput_default_box_stroke_color">#6b000000</color>
    <color name="mtrl_textinput_disabled_color">#1f000000</color>
    <color name="mtrl_textinput_filled_box_default_background_color">#0a000000</color>
    <color name="mtrl_textinput_hovered_box_stroke_color">#de000000</color>
    <color name="notification_action_color_filter">@color/secondary_text_default_material_light</color>
    <color name="notification_icon_bg_color">#ff9e9e9e</color>
    <color name="primary_dark_material_dark">@android:color/black</color>
    <color name="primary_dark_material_light">@color/material_grey_600</color>
    <color name="primary_material_dark">@color/material_grey_900</color>
    <color name="primary_material_light">@color/material_grey_100</color>
    <color name="primary_text_default_material_dark">#ffffffff</color>
    <color name="primary_text_default_material_light">#de000000</color>
    <color name="primary_text_disabled_material_dark">#4dffffff</color>
    <color name="primary_text_disabled_material_light">#39000000</color>
    <color name="red">#f44336</color>
    <color name="ripple_material_dark">#33ffffff</color>
    <color name="ripple_material_light">#1f000000</color>
    <color name="secondary_text_default_material_dark">#b3ffffff</color>
    <color name="secondary_text_default_material_light">#8a000000</color>
    <color name="secondary_text_disabled_material_dark">#36ffffff</color>
    <color name="secondary_text_disabled_material_light">#24000000</color>
    <color name="switch_thumb_disabled_material_dark">#ff616161</color>
    <color name="switch_thumb_disabled_material_light">#ffbdbdbd</color>
    <color name="switch_thumb_normal_material_dark">#ffbdbdbd</color>
    <color name="switch_thumb_normal_material_light">#fff1f1f1</color>
    <color name="tooltip_background_dark">#e6616161</color>
    <color name="tooltip_background_light">#e6ffffff</color>
    <color name="white">#ffffff</color>
</resources>
