<?xml version="1.0" encoding="utf-8"?>
<androidx.core.widget.NestedScrollView xmlns:android="http://schemas.android.com/apk/res/android" xmlns:app="http://schemas.android.com/apk/res-auto" xmlns:aapt="http://schemas.android.com/aapt" android:padding="20dp" android:fitsSystemWindows="true" android:layout_width="match_parent" android:layout_height="match_parent" android:layout_marginBottom="0dp">
    <LinearLayout android:orientation="vertical" android:padding="15dp" android:layout_width="match_parent" android:layout_height="wrap_content" android:layout_marginTop="120dp">
        <TextView android:textAppearance="?android:attr/textAppearanceLarge" android:textStyle="bold" android:textColor="@color/colorOlive" android:gravity="center" android:layout_width="match_parent" android:layout_height="wrap_content" android:layout_marginBottom="30dp" android:text="@string/Change_password" android:textAlignment="center"/>
        <com.google.android.material.textfield.TextInputLayout android:id="@+id/text_input_old_password" android:layout_width="match_parent" android:layout_height="wrap_content" app:errorEnabled="true" app:passwordToggleEnabled="true">
            <com.google.android.material.textfield.TextInputEditText android:layout_width="match_parent" android:layout_height="wrap_content" android:hint="@string/old_password" android:inputType="textPassword"/>
        </com.google.android.material.textfield.TextInputLayout>
        <com.google.android.material.textfield.TextInputLayout android:id="@+id/text_input_new_password" android:layout_width="match_parent" android:layout_height="wrap_content" app:errorEnabled="true" app:passwordToggleEnabled="true">
            <com.google.android.material.textfield.TextInputEditText android:layout_width="match_parent" android:layout_height="wrap_content" android:hint="@string/new_password" android:inputType="textPassword"/>
        </com.google.android.material.textfield.TextInputLayout>
        <com.google.android.material.textfield.TextInputLayout android:id="@+id/text_input_confirmpassword" android:layout_width="match_parent" android:layout_height="wrap_content" app:errorEnabled="true" app:passwordToggleEnabled="true">
            <com.google.android.material.textfield.TextInputEditText android:layout_width="match_parent" android:layout_height="wrap_content" android:hint="@string/confirm_password" android:inputType="textPassword"/>
        </com.google.android.material.textfield.TextInputLayout>
        <Button android:textColor="@color/white" android:id="@+id/button_change_password" android:background="@color/colorPrimary" android:layout_width="match_parent" android:layout_height="wrap_content" android:text="@string/update"/>
    </LinearLayout>
</androidx.core.widget.NestedScrollView>
